{
    "Rounds": [
        {
            "RoundNumber": 1,
            "Description": "7 x 4-es, 1 x 3-as csoportok, 3-as csoportban 2 vagy 3 nyert szettig játszanak,  4 vagy 5 asztalon, meccs sorrend.",
            "Tables": 5,
            "QualificationRules": [
                {
                    "Description": "Csoportonként az első két helyezett jut tovább",
                    "Criteria": {
                        "GroupSize": null,
                        "AdvancingPositions": [1, 2]
                    }
                }
            ],
            "Matches": [
                {
                    "Group": "A",
                    "Players": [
                        "A1",
                        "A2",
                        "A3",
                        "A4"
                    ]
                },
                {
                    "Group": "B",
                    "Players": [
                        "B1",
                        "B2",
                        "B3",
                        "B4"
                    ]
                },
                {
                    "Group": "C",
                    "Players": [
                        "C1",
                        "C2",
                        "C3",
                        "C4"
                    ]
                },
                {
                    "Group": "D",
                    "Players": [
                        "D1",
                        "D2",
                        "D3",
                        "D4"
                    ]
                },
                {
                    "Group": "E",
                    "Players": [
                        "E1",
                        "E2",
                        "E3",
                        "E4"
                    ]
                },
                {
                    "Group": "F",
                    "Players": [
                        "F1",
                        "F2",
                        "F3",
                        "F4"
                    ]
                },
                {
                    "Group": "G",
                    "Players": [
                        "G1",
                        "G2",
                        "G3",
                        "G4"
                    ]
                },
                {
                    "Group": "H",
                    "Players": [
                        "H1",
                        "H2",
                        "H3"
                    ]
                }
            ]
        },
        {
            "RoundNumber": 2,
            "Description": "Továbbjutók meccseinek sorrendje",
            "Matches": [
                {
                    "Group": "A1",
                    "Players": [
                        "A1",
                        "H2"
                    ]
                },
                {
                    "Group": "B1",
                    "Players": [
                        "B1",
                        "G2"
                    ]
                },
                {
                    "Group": "C1",
                    "Players": [
                        "C1",
                        "F2"
                    ]
                },
                {
                    "Group": "D1",
                    "Players": [
                        "D1",
                        "E2"
                    ]
                },
                {
                    "Group": "E1",
                    "Players": [
                        "E1",
                        "D2"
                    ]
                },
                {
                    "Group": "F1",
                    "Players": [
                        "F1",
                        "C2"
                    ]
                },
                {
                    "Group": "G1",
                    "Players": [
                        "G1",
                        "B2"
                    ]
                },
                {
                    "Group": "H1",
                    "Players": [
                        "H1",
                        "A2"
                    ]
                }
            ]
        },
        {
            "RoundNumber": 3,
            "Description": "Továbbjutók egymás ellen játszanak",
            "Matches": [
                {   "Group": "A1",
                    "Players": [
                        "A1",
                        "B1"
                    ]
                },
                {   "Group": "B1",
                    "Players": [
                        "C1",
                        "D1"
                    ]
                },
                {   "Group": "C1",
                    "Players": [
                        "E1",
                        "F1"
                    ]
                },
                {   "Group": "D1",
                    "Players": [
                        "G1",
                        "H1"
                    ]
                }
            ]
        },
        {
            "RoundNumber": 4,
            "Description": "Elődöntők",
            "Matches": [
                {
                    "Group": "A",
                    "Players": [
                        "A1",
                        "B1"
                    ],
                    "Table": 2
                },
                {
                    "Group": "B",
                    "Players": [
                        "C1",
                        "D1"
                    ],
                    "Table": 1
                }
            ]
        },
        {
            "RoundNumber": 5,
            "Description": "Döntő és helyosztók",
            "Matches": [
                {
                    "Players": [
                        "A1",
                        "B1"
                    ],
                    "Table": 1,
                    "MatchType": "Final"
                },
                {
                    "Players": [
                        "A2",
                        "B2"
                    ],
                    "Table": 2,
                    "MatchType": "ThirdPlace"
                }
            ]
        }
    ]
}