{
    "Rounds": [
        {
            "RoundNumber": 1,
            "Description": "10 x 4-es csoportok, 5 asztalon, meccs sorrend",
            "Tables": 5,
            "QualificationRules": [
                {
                    "Description": "Csoportonként az első három helyezett jut tovább",
                    "Criteria": {
                        "GroupSize": null,
                        "AdvancingPositions": [1, 2, 3]
                    }
                },
                {
                    "Description": "A csoportok harmadik helyezettjei speciális továbbjutók (X1, X2, X3, X4, X5, X6, X7, X8, X9, X10)",
                    "Criteria": {
                        "GroupSize": null,
                        "AdvancingPositions": [3],
                        "Special": true,
                        "AssignedAdvancingPositions": [
                            "X1", "X2", "X3", "X4", "X5", "X6", "X7", "X8", "X9", "X10"
                        ]
                    }
                },
                {
                    "Description": "A legjobb 2 negyedik helyezett továbbjutók (X11, X12)",
                    "Criteria": {
                        "GroupSize": null,
                        "AdvancingPositions": [4],
                        "Special": true,
                        "Limit": 2,
                        "AssignedAdvancingPositions": ["X11", "X12"]
                    }
                }
            ],
            "Matches": [
                {
                    "Group": "A",
                    "Players": [
                        "A1",
                        "A2",
                        "A3",
                        "A4",
                        "A5"
                    ]
                },
                {
                    "Group": "B",
                    "Players": [
                        "B1",
                        "B2",
                        "B3",
                        "B4",
                        "B5"
                    ]
                },
                {
                    "Group": "C",
                    "Players": [
                        "C1",
                        "C2",
                        "C3",
                        "C4",
                        "C5"
                    ]
                },
                {
                    "Group": "D",
                    "Players": [
                        "D1",
                        "D2",
                        "D3",
                        "D4",
                        "D5"
                    ]
                },
                {
                    "Group": "E",
                    "Players": [
                        "E1",
                        "E2",
                        "E3",
                        "E4"
                    ]
                },
                {
                    "Group": "F",
                    "Players": [
                        "F1",
                        "F2",
                        "F3",
                        "F4"
                    ]
                },
                {
                    "Group": "G",
                    "Players": [
                        "G1",
                        "G2",
                        "G3",
                        "G4"
                    ]
                },
                {
                    "Group": "H",
                    "Players": [
                        "H1",
                        "H2",
                        "H3",
                        "H4"
                    ]
                }
            ]
        },
        {
            "RoundNumber": 2,
            "Description": "Továbbjutók meccseinek sorrendje",
            "Matches": [
                {
                    "Group": "A1",
                    "Players": [
                        "A1",
                        "H2"
                    ]
                },
                {
                    "Group": "B1",
                    "Players": [
                        "B1",
                        "G2"
                    ]
                },
                {
                    "Group": "C1",
                    "Players": [
                        "C1",
                        "F2"
                    ]
                },
                {
                    "Group": "D1",
                    "Players": [
                        "D1",
                        "E2"
                    ]
                },
                {
                    "Group": "E1",
                    "Players": [
                        "E1",
                        "D2"
                    ]
                },
                {
                    "Group": "F1",
                    "Players": [
                        "F1",
                        "C2"
                    ]
                },
                {
                    "Group": "G1",
                    "Players": [
                        "G1",
                        "B2"
                    ]
                },
                {
                    "Group": "H1",
                    "Players": [
                        "H1",
                        "A2"
                    ]
                }
            ]
        },
        {
            "RoundNumber": 3,
            "Description": "Továbbjutók egymás ellen játszanak",
            "Matches": [
                {   "Group": "A1",
                    "Players": [
                        "A1",
                        "B1"
                    ]
                },
                {   "Group": "B1",
                    "Players": [
                        "C1",
                        "D1"
                    ]
                },
                {   "Group": "C1",
                    "Players": [
                        "E1",
                        "F1"
                    ]
                },
                {   "Group": "D1",
                    "Players": [
                        "G1",
                        "H1"
                    ]
                }
            ]
        },
        {
            "RoundNumber": 4,
            "Description": "Elődöntők",
            "Matches": [
                {
                    "Group": "A",
                    "Players": [
                        "A1",
                        "B1"
                    ]
                },
                {
                    "Group": "B",
                    "Players": [
                        "C1",
                        "D1"
                    ]
                }
            ]
        },
        {
            "RoundNumber": 5,
            "Description": "Döntő és helyosztók",
            "Matches": [
                {
                    "Players": [
                        "A1",
                        "B1"
                    ],
                    "Table": 1,
                    "MatchType": "Final"
                },
                {
                    "Players": [
                        "A2",
                        "B2"
                    ],
                    "Table": 2,
                    "MatchType": "ThirdPlace"
                }
            ]
        }
    ]
}