{
    "Rounds": [
        {
            "RoundNumber": 1,
            "Description": "3 x 4-es, 3 x 3-as csoportok 3,4,5 asztalon, meccs sorrend",
            "Tables": 5,
            "Details": "Csoportonként az első kettő jut tovább, és a 3-as csoport harmadikjai (X1, X2, X3) a 4-es csoportok legjobb  harmadikja ( X4)",
            "QualificationRules": [
                {
                    "Description": "Csoportonként az első két helyezett jut tovább",
                    "Criteria": {
                        "GroupSize": null,
                        "AdvancingPositions": [1, 2]
                    }
                },
                {
                    "Description": "3-as csoportok harmadik helyezettjei speciális továbbjutók (X1-X3)",
                    "Criteria": {
                        "GroupSize": 3,
                        "AdvancingPositions": [3],
                        "Special": true,
                        "Limit": 3,
                        "AssignedAdvancingPositions": ["X1", "X2", "X3"]
                    }
                },
                {
                    "Description": "4-es csoportok legjobb harmadik helyezettje speciális továbbjutó (X4)",
                    "Criteria": {
                        "GroupSize": 4,
                        "AdvancingPositions": [3],
                        "Special": true,
                        "Limit": 1,
                        "AssignedAdvancingPositions": ["X4"]
                    }
                }
            ],
            "Matches": [
                {
                    "Group": "A",
                    "Players": [
                        "A1",
                        "A2",
                        "A3",
                        "A4"
                    ]
                },
                {
                    "Group": "B",
                    "Players": [
                        "B1",
                        "B2",
                        "B3",
                        "B4"
                    ]
                },
                {
                    "Group": "C",
                    "Players": [
                        "C1",
                        "C2",
                        "C3",
                        "C4"
                    ]
                },
                {
                    "Group": "D",
                    "Players": [
                        "D1",
                        "D2",
                        "D3"
                    ]
                },
                {
                    "Group": "E",
                    "Players": [
                        "E1",
                        "E2",
                        "E3"
                    ]
                },
                {
                    "Group": "F",
                    "Players": [
                        "F1",
                        "F2",
                        "F3"
                    ]
                }
            ]
        },
        {
            "RoundNumber": 2,
            "Description": "Továbbjutók meccseinek sorrendje",
            "Matches": [
                {
                    "Group": "A1",
                    "Players": [
                        "A1",
                        "X1"
                    ]
                },
                {
                    "Group": "B1",
                    "Players": [
                        "B1",
                        "X2"
                    ]
                },
                {
                    "Group": "C1",
                    "Players": [
                        "C1",
                        "F2"
                    ]
                },
                {
                    "Group": "D1",
                    "Players": [
                        "D1",
                        "E2"
                    ]
                },
                {
                    "Group": "E1",
                    "Players": [
                        "E1",
                        "X3"
                    ]
                },
                {
                    "Group": "F1",
                    "Players": [
                        "F1",
                        "X4"
                    ]
                },
                {
                    "Group": "G1",
                    "Players": [
                        "D2",
                        "B2"
                    ]
                },
                {
                    "Group": "H1",
                    "Players": [
                        "C2",
                        "A2"
                    ]
                }
            ]
        },
        {
            "RoundNumber": 3,
            "Description": "Továbbjutók egymás ellen játszanak",
            "Matches": [
                {   "Group": "A1",
                    "Players": [
                        "A1",
                        "B1"
                    ]
                },
                {   "Group": "B1",
                    "Players": [
                        "C1",
                        "D1"
                    ]
                },
                {   "Group": "C1",
                    "Players": [
                        "E1",
                        "F1"
                    ]
                },
                {   "Group": "D1",
                    "Players": [
                        "G1",
                        "H1"
                    ]
                }
            ]
        },
        {
            "RoundNumber": 4,
            "Description": "Elődöntők",
            "Matches": [
                {
                    "Group": "A",
                    "Players": [
                        "A1",
                        "B1"
                    ],
                    "Table": 2
                },
                {
                    "Group": "B",
                    "Players": [
                        "C1",
                        "D1"
                    ],
                    "Table": 1
                }
            ]
        },
        {
            "RoundNumber": 5,
            "Description": "Döntő és helyosztók",
            "Matches": [
                {
                    "Players": [
                        "A1",
                        "B1"
                    ],
                    "Table": 1,
                    "MatchType": "Final"
                },
                {
                    "Players": [
                        "A2",
                        "B2"
                    ],
                    "Table": 2,
                    "MatchType": "ThirdPlace"
                }
            ]
        }
    ]
}